,Bender_count,Journal,Kopparapu_count,Morehead_count,Nelson_count,Publication_Date,Robertson_count,Schwab_count,Sharon_count,URL_link
0,0,The Astrophysical Journal,0,0,0,2014-03-00,0,0,0,2014arXiv1402.6534R
1,0,The Astrophysical Journal,0,0,0,1988-08-00,0,0,0,1988ApJ...331..902C
2,0,Nature,0,0,0,1989-05-00,0,0,0,1989Natur.339...38L
3,0,Nature,0,0,0,1992-01-00,0,0,0,1992Natur.355..145W
4,0,Nature,0,0,0,1992-01-00,0,0,0,1992Natur.355..145W
5,0,The Astrophysical Journal,0,0,0,1993-08-00,0,0,0,1993ApJ...413..339H
6,0,Science,0,0,0,1994-04-00,0,0,0,1994Sci...264..538W
7,0,Nature,0,0,0,1995-11-00,0,0,0,1995Natur.378..355M
8,0,The Astrophysical Journal,0,0,0,1996-06-00,0,0,0,1996ApJ...464L.153B
9,0,The Astrophysical Journal,0,0,0,1996-06-00,0,0,0,1996ApJ...464L.147M
10,0,The Astrophysical Journal,0,0,0,1997-07-00,0,0,0,1997ApJ...483L.111N
11,0,The Astrophysical Journal,0,0,0,1997-01-00,0,0,0,1997ApJ...474L.115B
12,0,The Astrophysical Journal,0,0,0,1997-07-00,0,0,0,1997ApJ...483..457C
13,0,The Astrophysical Journal,0,0,0,1997-01-00,0,0,0,1997ApJ...474L.115B
14,0,The Astrophysical Journal,0,0,0,1997-01-00,0,0,0,1997ApJ...474L.115B
15,0,Astronomy and Astrophysics,0,0,0,1998-10-00,0,0,0,1998A%26A...338L..67D
16,0,Publications of the Astronomical Society of the Pacific,0,0,0,1998-12-00,0,0,0,1998PASP..110.1389B
17,0,The Astrophysical Journal,0,0,0,1999-12-00,0,0,0,1999ApJ...526..916B
18,0,The Astrophysical Journal,0,0,0,1999-07-00,0,0,0,1999ApJ...520..239M
19,0,The Astrophysical Journal,0,0,0,1999-07-00,0,0,0,1999ApJ...520..239M
20,0,Publications of the Astronomical Society of the Pacific,0,0,0,1999-01-00,0,0,0,1999PASP..111...50F
21,0,Publications of the Astronomical Society of the Pacific,0,0,0,1999-01-00,0,0,0,1999PASP..111...50F
22,0,The Astrophysical Journal,0,0,0,1999-12-00,0,0,0,1999ApJ...526..916B
23,0,The Astrophysical Journal,0,0,0,2000-06-00,0,0,0,2000ApJ...536..902V
24,0,The Astrophysical Journal,0,0,0,2000-06-00,0,0,0,2000ApJ...536..902V
25,0,Astronomy and Astrophysics,0,0,0,2000-01-00,0,0,0,2000A%26A...353L..33K
26,0,The Astrophysical Journal,0,0,0,2000-12-00,0,0,0,2000ApJ...545..504B
27,0,Astronomy and Astrophysics,0,0,0,2000-04-00,0,0,0,2000A%26A...356..590U
28,0,The Astrophysical Journal,0,0,0,2000-04-00,0,0,0,2000ApJ...533L.147K
29,0,The Astrophysical Journal,0,0,0,2000-06-00,0,0,0,2000ApJ...536L..43M
30,0,Astronomy and Astrophysics,0,0,0,2000-02-00,0,0,0,2000A%26A...354...99Q
31,0,The Astrophysical Journal,0,0,0,2000-06-00,0,0,0,2000ApJ...536..902V
32,0,The Astrophysical Journal,0,0,0,2000-06-00,0,0,0,2000ApJ...536..902V
33,0,The Astrophysical Journal,0,0,0,2000-06-00,0,0,0,2000ApJ...536L..43M
34,0,The Astrophysical Journal,0,0,0,2000-12-00,0,0,0,2000ApJ...545..504B
35,0,The Astrophysical Journal,0,0,0,2000-06-00,0,0,0,2000ApJ...536..902V
36,0,Astronomy and Astrophysics,0,0,0,2000-04-00,0,0,0,2000A%26A...356..599S
37,0,Astronomy and Astrophysics,0,0,0,2000-04-00,0,0,0,2000A%26A...356..590U
38,0,The Astrophysical Journal,0,0,0,2000-06-00,0,0,0,2000ApJ...536..902V
39,0,The Astrophysical Journal,0,0,0,2000-12-00,0,0,0,2000ApJ...544L.145H
40,0,The Astrophysical Journal,0,0,0,2000-06-00,0,0,0,2000ApJ...536..902V
41,0,The Astrophysical Journal,0,0,0,2000-01-00,0,0,0,2000ApJ...529L..41H
42,0,The Astrophysical Journal,0,0,0,2001-07-00,0,0,0,2001ApJ...555..410B
43,0,The Astrophysical Journal,0,0,0,2001-04-00,0,0,0,2001ApJ...551.1107F
44,0,The Astrophysical Journal,0,0,0,2001-07-00,0,0,0,2001ApJ...555..418M
45,0,Astronomy and Astrophysics,0,0,0,2001-08-00,0,0,0,2001A%26A...375..205N
46,0,The Astrophysical Journal,0,0,0,2001-04-00,0,0,0,2001ApJ...551.1107F
47,0,Astronomy and Astrophysics,0,0,0,2001-12-00,0,0,0,2001A%26A...379..999S
48,0,The Astrophysical Journal,0,0,0,2001-04-00,0,0,0,2001ApJ...551.1107F
49,0,Astronomy and Astrophysics,0,0,0,2001-12-00,0,0,0,2001A%26A...379..999S
50,0,The Astrophysical Journal,0,0,0,2001-07-00,0,0,0,2001ApJ...555..410B
51,0,The Astrophysical Journal,0,0,0,2001-07-00,0,0,0,2001ApJ...556..296M
52,0,Astronomy and Astrophysics,0,0,0,2001-08-00,0,0,0,2001A%26A...375..205N
53,0,The Astrophysical Journal,0,0,0,2001-04-00,0,0,0,2001ApJ...551..507T
54,0,Astronomy and Astrophysics,0,0,0,2001-08-00,0,0,0,2001A%26A...375L..27N
55,0,Monthly Notices of the Royal Astronomical Society,0,0,0,2002-07-00,0,0,0,2002MNRAS.333..871J
56,0,Publications of the Astronomical Society of the Pacific,0,0,0,2002-05-00,0,0,0,2002PASP..114..529F
57,0,The Astrophysical Journal,0,0,0,2002-05-00,0,0,0,2002ApJ...571..528T
58,0,The Astrophysical Journal,0,0,0,2002-10-00,0,0,0,2002ApJ...578..565B
59,0,The Astrophysical Journal,0,0,0,2002-09-00,0,0,0,2002ApJ...576..478F
60,0,Astronomy and Astrophysics,0,0,0,2002-07-00,0,0,0,2002A%26A...390..267U
61,0,Astronomy and Astrophysics,0,0,0,2002-07-00,0,0,0,2002A%26A...390..267U
62,0,The Astrophysical Journal,0,0,0,2002-01-00,0,0,0,2002ApJ...564.1028F
63,0,The Astrophysical Journal,0,0,0,2004-10-00,0,0,0,2004ApJ...614L..81M
64,0,The Astrophysical Journal,0,0,0,2002-05-00,0,0,0,2002ApJ...571..528T
65,0,Astronomy and Astrophysics,0,0,0,2002-06-00,0,0,0,2002A%26A...388..632P
66,0,Astronomy and Astrophysics,0,0,0,2002-06-00,0,0,0,2002A%26A...388..632P
67,0,The Astrophysical Journal,0,0,0,2002-03-00,0,0,0,2002ApJ...568..363Z
68,0,Monthly Notices of the Royal Astronomical Society,0,0,0,2002-12-00,0,0,0,2002MNRAS.337.1170J
69,0,The Astrophysical Journal,0,0,0,2002-03-00,0,0,0,2002ApJ...568..352V
70,0,Publications of the Astronomical Society of the Pacific,0,0,0,2002-05-00,0,0,0,2002PASP..114..529F
71,0,Astronomy and Astrophysics,0,0,0,2002-07-00,0,0,0,2002A%26A...390..267U
72,0,The Astrophysical Journal,0,0,0,2002-03-00,0,0,0,2002ApJ...568..352V
73,0,The Astrophysical Journal,0,0,0,2002-03-00,0,0,0,2002ApJ...568..352V
74,0,The Astrophysical Journal,0,0,0,2002-03-00,0,0,0,2002ApJ...568..352V
75,0,The Astrophysical Journal,0,0,0,2002-12-00,0,0,0,2002ApJ...581.1375M
76,0,Monthly Notices of the Royal Astronomical Society,0,0,0,2002-12-00,0,0,0,2002MNRAS.337.1170J
77,0,Publications of the Astronomical Society of the Pacific,0,0,0,2002-05-00,0,0,0,2002PASP..114..529F
78,0,The Astrophysical Journal,0,0,0,2002-03-00,0,0,0,2002ApJ...568..352V
79,0,The Astrophysical Journal,0,0,0,2003-04-00,0,0,0,2003ApJ...586.1394F
80,0,The Astrophysical Journal,0,0,0,2003-08-00,0,0,0,2003ApJ...593L..43C
81,0,Astronomy and Astrophysics,0,0,0,2003-08-00,0,0,0,2003A%26A...407..679U
82,0,Astronomy and Astrophysics,0,0,0,2003-11-00,0,0,0,2003A%26A...410.1039P
83,0,The Astrophysical Journal,0,0,0,2003-04-00,0,0,0,2003ApJ...587..423T
84,0,Astronomy and Astrophysics,0,0,0,2003-11-00,0,0,0,2003A%26A...410.1051N
85,0,Nature,0,0,0,2003-01-00,0,0,0,2003Natur.421..507K
86,0,The Astrophysical Journal,0,0,0,2003-04-00,0,0,0,2003ApJ...587..423T
87,0,The Astrophysical Journal,0,0,0,2003-01-00,0,0,0,2003ApJ...582..455B
88,0,The Astrophysical Journal,0,0,0,2003-01-00,0,0,0,2003ApJ...582..455B
89,0,Astronomy and Astrophysics,0,0,0,2003-11-00,0,0,0,2003A%26A...410.1039P
90,0,Monthly Notices of the Royal Astronomical Society,0,0,0,2003-05-00,0,0,0,2003MNRAS.341..948J
91,0,The Astrophysical Journal,0,0,0,2003-04-00,0,0,0,2003ApJ...586.1394F
92,0,The Astrophysical Journal,0,0,0,2003-01-00,0,0,0,2003ApJ...582..455B
93,0,The Astrophysical Journal,0,0,0,2003-01-00,0,0,0,2003ApJ...582..455B
94,0,The Astrophysical Journal,0,0,0,2003-01-00,0,0,0,2003ApJ...582..455B
95,0,The Astrophysical Journal,0,0,0,2003-01-00,0,0,0,2003ApJ...582..455B
96,0,The Astrophysical Journal,0,0,0,2003-04-00,0,0,0,2003ApJ...587..423T
97,0,The Astrophysical Journal,0,0,0,2003-06-00,0,0,0,2003ApJ...590.1081F
98,0,The Astrophysical Journal,0,0,0,2003-04-00,0,0,0,2003ApJ...586.1394F
99,0,The Astrophysical Journal,0,0,0,2003-01-00,0,0,0,2003ApJ...582..455B
100,0,The Astrophysical Journal,0,0,0,2003-04-00,0,0,0,2003ApJ...587..423T
101,0,Astronomy and Astrophysics,0,0,0,2003-11-00,0,0,0,2003A%26A...410.1039P
102,0,The Astrophysical Journal,0,0,0,2003-11-00,0,0,0,2003ApJ...597L.157S
103,0,Astronomy and Astrophysics,0,0,0,2004-02-00,0,0,0,2004A%26A...415..391M
104,0,Astronomy and Astrophysics,0,0,0,2004-01-00,0,0,0,2004A%26A...414..351N
105,0,The Astrophysical Journal,0,0,0,2004-07-00,0,0,0,2004ApJ...609L..37K
106,0,The Astrophysical Journal,0,0,0,2004-10-00,0,0,0,2004ApJ...613L.153A
107,0,Astronomy and Astrophysics,0,0,0,2004-02-00,0,0,0,2004A%26A...415..391M
108,0,Astronomy and Astrophysics,0,0,0,2004-02-00,0,0,0,2004A%26A...415..391M
109,0,The Astrophysical Journal,0,0,0,2004-05-00,0,0,0,2004ApJ...606L.155B
110,0,The Astrophysical Journal,0,0,0,2004-08-00,0,0,0,2004ApJ...611L.133C
111,0,Astronomy and Astrophysics,0,0,0,2004-02-00,0,0,0,2004A%26A...415..391M
112,0,Astronomy and Astrophysics,0,0,0,2004-01-00,0,0,0,2004A%26A...414..351N
113,0,Astronomy and Astrophysics,0,0,0,2004-10-00,0,0,0,2004A%26A...426L..19S
114,0,Astronomy and Astrophysics,0,0,0,2004-02-00,0,0,0,2004A%26A...415..391M
115,0,The Astrophysical Journal,0,0,0,2004-12-00,0,0,0,2004ApJ...617..575M
116,0,Astronomy and Astrophysics,0,0,0,2004-02-00,0,0,0,2004A%26A...415..391M
117,0,Astronomy and Astrophysics,0,0,0,2004-02-00,0,0,0,2004A%26A...415..391M
118,0,Astronomy and Astrophysics,0,0,0,2004-11-00,0,0,0,2004A%26A...426..695Z
119,0,The Astrophysical Journal,0,0,0,2004-12-00,0,0,0,2004ApJ...617..575M
120,0,Astronomy and Astrophysics,0,0,0,2004-10-00,0,0,0,2004A%26A...426L..15P
121,0,The Astrophysical Journal,0,0,0,2004-12-00,0,0,0,2004ApJ...617..580B
122,0,The Astrophysical Journal,0,0,0,2004-10-00,0,0,0,2004ApJ...614L..81M
123,0,Astronomy and Astrophysics,0,0,0,2004-02-00,0,0,0,2004A%26A...415..391M
124,0,Astronomy and Astrophysics,0,0,0,2004-08-00,0,0,0,2004A%26A...423..385P
125,0,Astronomy and Astrophysics,0,0,0,2004-02-00,0,0,0,2004A%26A...415..391M
126,0,Astronomy and Astrophysics,0,0,0,2004-02-00,0,0,0,2004A%26A...415..391M
127,0,Astronomy and Astrophysics,0,0,0,2004-07-00,0,0,0,2004A%26A...421L..13B
128,0,Astronomy and Astrophysics,0,0,0,2004-02-00,0,0,0,2004A&A...415..391M
129,0,Astronomy and Astrophysics,0,0,0,2004-02-00,0,0,0,2004A%26A...415..391M
130,0,The Astrophysical Journal,0,0,0,2005-10-00,0,0,0,2005ApJ...632..638V
131,0,The Astrophysical Journal,0,0,0,2005-01-00,0,0,0,2005ApJ...619..570M
132,0,The Astrophysical Journal,0,0,0,2005-01-00,0,0,0,2005ApJ...619..570M
133,0,Astronomy and Astrophysics,0,0,0,2005-07-00,0,0,0,2005A%26A...437L..31S
134,0,The Astrophysical Journal,0,0,0,2005-08-00,0,0,0,2005ApJ...628L.109U
135,0,The Astrophysical Journal,0,0,0,2005-10-00,0,0,0,2005ApJ...632..638V
136,0,The Astrophysical Journal,0,0,0,2005-10-00,0,0,0,2005ApJ...632..638V
137,0,Astronomy and Astrophysics,0,0,0,2005-07-00,0,0,0,2005A%26A...437.1121L
138,0,Astronomy and Astrophysics,0,0,0,2005-09-00,0,0,0,2005A%26A...440..751C
139,0,Astronomy and Astrophysics,0,0,0,2005-08-00,0,0,0,2005A%26A...439..367M
140,0,The Astrophysical Journal,0,0,0,2005-10-00,0,0,0,2005ApJ...632..638V
141,0,The Astrophysical Journal,0,0,0,2005-01-00,0,0,0,2005ApJ...619..570M
142,0,Astronomy and Astrophysics,0,0,0,2005-08-00,0,0,0,2005A%26A...439..367M
143,0,The Astrophysical Journal,0,0,0,2005-01-00,0,0,0,2005ApJ...619..570M
144,0,Astronomy and Astrophysics,0,0,0,2005-12-00,0,0,0,2005A%26A...444L..21G
145,0,The Astrophysical Journal,0,0,0,2005-05-00,0,0,0,2005ApJ...624..372K
146,0,Astronomy and Astrophysics,0,0,0,2005-12-00,0,0,0,2005A%26A...443L..15B
147,0,The Astrophysical Journal,0,0,0,2005-04-00,0,0,0,2005ApJ...623.1171T
148,0,The Astrophysical Journal,0,0,0,2005-02-00,0,0,0,2005ApJ...620..481F
149,0,The Astrophysical Journal,0,0,0,2005-11-00,0,0,0,2005ApJ...633..465S
150,0,Astronomy and Astrophysics,0,0,0,2005-12-00,0,0,0,2005A%26A...444L..15B
151,0,Astronomy and Astrophysics,0,0,0,2005-07-00,0,0,0,2005A%26A...437.1121L
152,0,The Astrophysical Journal,0,0,0,2005-11-00,0,0,0,2005ApJ...634..625R
153,0,The Astrophysical Journal,0,0,0,2005-01-00,0,0,0,2005ApJ...619..570M
154,0,Astronomy and Astrophysics,0,0,0,2005-07-00,0,0,0,2005A&A...437..743H
155,0,The Astrophysical Journal,0,0,0,2005-04-00,0,0,0,2005ApJ...623.1171T
156,0,The Astrophysical Journal,0,0,0,2005-04-00,0,0,0,2005ApJ...623.1171T
157,0,Astronomy and Astrophysics,0,0,0,2005-08-00,0,0,0,2005A%26A...439..367M
158,0,The Astrophysical Journal,0,0,0,2005-10-00,0,0,0,2005ApJ...632..638V
159,0,The Astrophysical Journal,0,0,0,2005-10-00,0,0,0,2005ApJ...632..638V
160,0,The Astrophysical Journal,0,0,0,2006-08-00,0,0,0,2006ApJ...647..600J
161,0,Astronomy and Astrophysics,0,0,0,2006-02-00,0,0,0,2006A%26A...447..361U
162,0,Astronomy and Astrophysics,0,0,0,2006-04-00,0,0,0,2006A%26A...449..417S
163,0,Astronomy and Astrophysics,0,0,0,2006-03-00,0,0,0,2006A%26A...447.1159E
164,0,The Astrophysical Journal,0,0,0,2006-02-00,0,0,0,2006ApJ...637.1094F
165,0,Publications of the Astronomical Society of the Pacific,0,0,0,2006-12-00,0,0,0,2006PASP..118.1685B
166,0,The Astrophysical Journal,0,0,0,2006-07-00,0,0,0,2006ApJ...646..505B
167,0,Astronomy and Astrophysics,0,0,0,2006-02-00,0,0,0,2006A%26A...446..717D
168,0,Monthly Notices of the Royal Astronomical Society,0,0,0,2006-06-00,0,0,0,2006MNRAS.369..249J
169,0,The Astrophysical Journal,0,0,0,2006-12-00,0,0,0,2006ApJ...652.1724J
170,0,Monthly Notices of the Royal Astronomical Society,0,0,0,2006-06-00,0,0,0,2006MNRAS.369..249J
171,0,The Astrophysical Journal,0,0,0,2006-07-00,0,0,0,2006ApJ...646..505B
172,0,The Astrophysical Journal,0,0,0,2006-02-00,0,0,0,2006ApJ...637.1094F
173,0,Nature,0,0,0,2006-05-00,0,0,0,2006Natur.441..305L
174,0,The Astrophysical Journal,0,0,0,2006-07-00,0,0,0,2006ApJ...646..505B
175,0,The Astrophysical Journal,0,0,0,2006-08-00,0,0,0,2006ApJ...647..600J
176,0,Monthly Notices of the Royal Astronomical Society,0,0,0,2006-11-00,0,0,0,2006MNRAS.372.1117C
177,0,The Astrophysical Journal,0,0,0,2006-06-00,0,0,0,2006ApJ...644L..37G
178,0,The Astrophysical Journal,0,0,0,2006-09-00,0,0,0,2006ApJ...648..683G
179,0,Nature,0,0,0,2006-05-00,0,0,0,2006Natur.441..305L
180,0,Astronomy and Astrophysics,0,0,0,2006-05-00,0,0,0,2006A%26A...451..345L
181,0,The Astrophysical Journal,0,0,0,2006-07-00,0,0,0,2006ApJ...646..505B
182,0,The Astrophysical Journal,0,0,0,2006-11-00,0,0,0,2006ApJ...651L..61O
183,0,The Astrophysical Journal,0,0,0,2006-07-00,0,0,0,2006ApJ...646..505B
184,0,The Astrophysical Journal,0,0,0,2006-08-00,0,0,0,2006ApJ...647..594T
185,0,Nature,0,0,0,2006-01-00,0,0,0,2006Natur.439..437B
186,0,The Astrophysical Journal,0,0,0,2006-07-00,0,0,0,2006ApJ...646..505B
187,0,The Astrophysical Journal,0,0,0,2006-09-00,0,0,0,2006ApJ...648.1228M
188,0,The Astrophysical Journal,0,0,0,2006-07-00,0,0,0,2006ApJ...646..505B
189,0,Nature,0,0,0,2006-05-00,0,0,0,2006Natur.441..305L
190,0,The Astrophysical Journal,0,0,0,2006-08-00,0,0,0,2006ApJ...647..600J
191,0,The Astrophysical Journal,0,0,0,2007-08-00,0,0,0,2007ApJ...665.1407C
192,0,The Astrophysical Journal,0,0,0,2007-11-00,0,0,0,2007ApJ...669.1336F
193,0,The Astrophysical Journal,0,0,0,2007-11-00,0,0,0,2007ApJ...670L..41K
194,0,The Astrophysical Journal,0,0,0,2007-09-00,0,0,0,2007ApJ...666L.121T
195,0,The Astrophysical Journal,0,0,0,2007-11-00,0,0,0,2007ApJ...669.1354N
196,0,The Astrophysical Journal,0,0,0,2007-05-00,0,0,0,2007ApJ...660.1636O
197,0,The Astrophysical Journal,0,0,0,2007-03-00,0,0,0,2007ApJ...657..533W
198,0,Astronomy and Astrophysics,0,0,0,2007-08-00,0,0,0,2007A%26A...470..721N
199,0,Monthly Notices of the Royal Astronomical Society,0,0,0,2007-03-00,0,0,0,2007MNRAS.375..951C
200,0,Astronomy and Astrophysics,0,0,0,2007-09-00,0,0,0,2007A&A...472..657L
201,0,Astronomy and Astrophysics,0,0,0,2007-05-00,0,0,0,2007A%26A...467..721M
202,0,Astronomy and Astrophysics,0,0,0,2007-11-00,0,0,0,2007A%26A...474..647S
203,0,The Astrophysical Journal,0,0,0,2007-05-00,0,0,0,2007ApJ...661..527S
204,0,The Astrophysical Journal,0,0,0,2007-02-00,0,0,0,2007ApJ...656..552B
205,0,The Astrophysical Journal,0,0,0,2007-11-00,0,0,0,2007ApJ...669.1336F
206,0,The Astrophysical Journal,0,0,0,2007-03-00,0,0,0,2007ApJ...657..533W
207,0,Monthly Notices of the Royal Astronomical Society,0,0,0,2007-03-00,0,0,0,2007MNRAS.375..951C
208,0,Astronomy and Astrophysics,0,0,0,2007-08-00,0,0,0,2007A%26A...470..721N
209,0,The Astrophysical Journal,0,0,0,2007-08-00,0,0,0,2007ApJ...665..785J
210,0,The Astrophysical Journal,0,0,0,2007-03-00,0,0,0,2007ApJ...657..533W
211,0,Astronomy and Astrophysics,0,0,0,2007-07-00,0,0,0,2007A%26A...469L..43U
212,0,The Astrophysical Journal,0,0,0,2007-11-00,0,0,0,2007ApJ...669.1336F
213,0,The Astrophysical Journal,0,0,0,2007-07-00,0,0,0,2007ApJ...663L..37O
214,0,The Astrophysical Journal,0,0,0,2007-08-00,0,0,0,2007ApJ...665..785J
215,0,The Astrophysical Journal,0,0,0,2007-12-00,0,0,0,2007ApJ...671.2115B
216,0,The Astrophysical Journal,0,0,0,2007-11-00,0,0,0,2007ApJ...669.1336F
217,0,The Astrophysical Journal,0,0,0,2007-11-00,0,0,0,2007ApJ...670..826B
218,0,The Astrophysical Journal,0,0,0,2007-12-00,0,0,0,2007ApJ...671L.173B
219,0,Astronomy and Astrophysics,0,0,0,2007-08-00,0,0,0,2007A%26A...470..721N
220,0,The Astrophysical Journal,0,0,0,2007-05-00,0,0,0,2007ApJ...660.1636O
221,0,Astronomy and Astrophysics,0,0,0,2007-10-00,0,0,0,2007A%26A...473..323D
222,0,Astronomy and Astrophysics,0,0,0,2007-09-00,0,0,0,2007A&A...472..657L
223,0,The Astrophysical Journal,0,0,0,2007-10-00,0,0,0,2007ApJ...667L.195M
224,0,The Astrophysical Journal,0,0,0,2007-08-00,0,0,0,2007ApJ...665.1407C
225,0,The Astrophysical Journal,0,0,0,2007-03-00,0,0,0,2007ApJ...657..533W
226,0,The Astrophysical Journal,0,0,0,2007-11-00,0,0,0,2007ApJ...670..833J
227,0,The Astrophysical Journal,0,0,0,2007-08-00,0,0,0,2007ApJ...665..785J
228,0,Astronomy and Astrophysics,0,0,0,2007-02-00,0,0,0,2007A%26A...462..769P
229,0,The Astrophysical Journal,0,0,0,2007-12-00,0,0,0,2007ApJ...670.1391R
230,0,Astronomy and Astrophysics,0,0,0,2007-09-00,0,0,0,2007A%26A...472..649D
231,0,The Astrophysical Journal,0,0,0,2007-11-00,0,0,0,2007ApJ...669.1336F
232,0,The Astrophysical Journal,0,0,0,2007-12-00,0,0,0,2007ApJ...670.1391R
233,0,Astronomy and Astrophysics,0,0,0,2007-07-00,0,0,0,2007A%26A...469L..43U
234,0,Astronomy and Astrophysics,0,0,0,2007-10-00,0,0,0,2007A%26A...473..323D
235,0,Astronomy and Astrophysics,0,0,0,2007-10-00,0,0,0,2007A%26A...474..293B
236,0,The Astrophysical Journal,0,0,0,2007-05-00,0,0,0,2007ApJ...660.1636O
237,0,Monthly Notices of the Royal Astronomical Society,0,0,0,2008-06-00,0,0,0,2008MNRAS.387L...4A
238,0,Monthly Notices of the Royal Astronomical Society,0,0,0,2008-04-00,0,0,0,2008MNRAS.385.1576P
239,0,The Astronomical Journal,0,0,0,2008-11-00,0,0,0,2008AJ....136.1901L
240,0,The Astrophysical Journal,0,0,0,2008-10-00,0,0,0,2008ApJ...686.1331B
241,0,The Astronomical Journal,0,0,0,2008-11-00,0,0,0,2008AJ....136.1901L
242,0,Astronomy and Astrophysics,0,0,0,2008-08-00,0,0,0,2008A%26A...487..749P
243,0,The Astrophysical Journal,0,0,0,2008-06-00,0,0,0,2008ApJ...680.1450P
244,0,The Astrophysical Journal,0,0,0,2008-03-00,0,0,0,2008ApJ...675..790F
245,0,ArXiv e-prints,0,0,0,2008-05-00,0,0,0,2008arXiv0805.2921M
246,0,Science,0,0,0,2008-00-00,0,0,0,2008Sci...319..927G
247,0,Astronomy and Astrophysics,0,0,0,2008-04-00,0,0,0,2008A%26A...482..299U
248,0,The Astrophysical Journal,0,0,0,2008-03-00,0,0,0,2008ApJ...675..784J
249,0,Science,0,0,0,2008-11-00,0,0,0,2008Sci...322.1348M
250,0,Astronomy and Astrophysics,0,0,0,2008-08-00,0,0,0,2008A%26A...487..369S
251,0,American Astronomical Society Meeting Abstracts #212,0,0,0,2008-09-00,0,0,0,2008AAS...212.1012B
252,0,Publications of the Astronomical Society of Japan,0,0,0,2008-06-00,0,0,0,2008PASJ...60..539S
253,0,Astronomy and Astrophysics,0,0,0,2008-05-00,0,0,0,2008A%26A...482L..17B
254,0,Science,0,0,0,2008-11-00,0,0,0,2008Sci...322.1345K
255,0,Astronomy and Astrophysics,0,0,0,2008-09-00,0,0,0,2008A%26A...488L..47M
256,0,Astronomy and Astrophysics,0,0,0,2008-12-00,0,0,0,2008A%26A...491..889D
257,0,The Astrophysical Journal,0,0,0,2009-03-00,0,0,0,2009ApJ...693..276N
258,0,Publications of the Astronomical Society of Japan,0,0,0,2008-12-00,0,0,0,2008PASJ...60.1317S
259,0,The Astrophysical Journal,0,0,0,2008-03-00,0,0,0,2008ApJ...675L.113W
260,0,Publications of the Astronomical Society of Japan,0,0,0,2008-12-00,0,0,0,2008PASJ...60.1317S
261,0,Publications of the Astronomical Society of Japan,0,0,0,2008-06-00,0,0,0,2008PASJ...60..539S
262,0,Astronomy and Astrophysics,0,0,0,2008-02-00,0,0,0,2008A%26A...479..271C
263,0,The Astrophysical Journal,0,0,0,2008-01-00,0,0,0,2008ApJ...672..553L
264,0,Publications of the Astronomical Society of Japan,0,0,0,2008-12-00,0,0,0,2008PASJ...60.1317S
265,0,Astronomy and Astrophysics,0,0,0,2008-12-00,0,0,0,2008A%26A...491..883D
266,0,Publications of the Astronomical Society of Japan,0,0,0,2008-06-00,0,0,0,2008PASJ...60..539S
267,0,Astronomy and Astrophysics,0,0,0,2008-03-00,0,0,0,2008A%26A...480L..33T
268,0,The Astrophysical Journal,0,0,0,2008-03-00,0,0,0,2008ApJ...675..784J
269,0,Science,0,0,0,2008-11-00,0,0,0,2008Sci...322.1348M
270,0,The Astrophysical Journal,0,0,0,2008-01-00,0,0,0,2008ApJ...673L..79N
271,0,The Astrophysical Journal,0,0,0,2008-04-00,0,0,0,2008ApJ...677..657J
272,0,Science,0,0,0,2008-11-00,0,0,0,2008Sci...322.1348M
273,0,Astronomy and Astrophysics,0,0,0,2008-05-00,0,0,0,2008A%26A...482L..21A
274,0,Astronomy and Astrophysics,0,0,0,2008-12-00,0,0,0,2008A%26A...491..883D
275,0,Science,0,0,0,2008-00-00,0,0,0,2008Sci...319..927G
276,0,Astronomy and Astrophysics,0,0,0,2008-03-00,0,0,0,2008A%26A...480L..33T
277,0,Astronomy and Astrophysics,0,0,0,2009-03-00,0,0,0,2009A%26A...496..527B
278,0,Astronomy and Astrophysics,0,0,0,2009-10-00,0,0,0,2009A%26A...505.1311D
279,0,The Astrophysical Journal,0,0,0,2009-03-00,0,0,0,2009ApJ...693.1424M
280,0,The Astrophysical Journal,0,0,0,2009-03-00,0,0,0,2009ApJ...693.1084W
281,0,The Astrophysical Journal,0,0,0,2009-10-00,0,0,0,2009ApJ...704.1107L
282,0,The Astrophysical Journal,0,0,0,2009-09-00,0,0,0,2009ApJ...702..989V
283,0,Nature,0,0,0,2009-08-00,0,0,0,2009Natur.460.1098H
284,0,The Astronomical Journal,0,0,0,2009-06-00,0,0,0,2009AJ....137.4834W
285,0,Astronomy and Astrophysics,0,0,0,2009-03-00,0,0,0,2009A%26A...496..513M
286,0,The Astrophysical Journal,0,0,0,2009-03-00,0,0,0,2009ApJ...693.1920H
287,0,The Astrophysical Journal,0,0,0,2009-11-00,0,0,0,2009ApJ...706..785H
288,0,Astronomy and Astrophysics,0,0,0,2009-06-00,0,0,0,2009A%26A...499..935D
289,0,Astronomy and Astrophysics,0,0,0,2009-07-00,0,0,0,2009A%26A...502..391S
290,0,Astronomy and Astrophysics,0,0,0,2009-03-00,0,0,0,2009A%26A...496..513M
291,0,The Astrophysical Journal,0,0,0,2009-03-00,0,0,0,2009ApJ...693.1424M
292,0,Astronomy and Astrophysics,0,0,0,2009-10-00,0,0,0,2009A%26A...506..303Q
293,0,The Astrophysical Journal,0,0,0,2009-12-00,0,0,0,2009ApJ...707..768N
294,0,Monthly Notices of the Royal Astronomical Society,0,0,0,2009-02-00,0,0,0,2009MNRAS.392.1532J
295,0,Astronomy and Astrophysics,0,0,0,2009-03-00,0,0,0,2009A%26A...496..527B
296,0,Astronomy and Astrophysics,0,0,0,2009-01-00,0,0,0,2009A%26A...493..639M
297,0,Astronomy and Astrophysics,0,0,0,2009-07-00,0,0,0,2009A%26A...502..395W
298,0,The Astrophysical Journal,0,0,0,2009-10-00,0,0,0,2009ApJ...703.1545F
299,0,Astronomy and Astrophysics,0,0,0,2009-10-00,0,0,0,2009A%26A...505.1311D
300,0,Astronomy and Astrophysics,0,0,0,2009-03-00,0,0,0,2009A%26A...496..513M
301,0,The Astrophysical Journal,0,0,0,2009-10-00,0,0,0,2009ApJ...703.1545F
302,0,Astronomy and Astrophysics,0,0,0,2009-03-00,0,0,0,2009A%26A...496..513M
303,0,The Astrophysical Journal,0,0,0,2009-10-00,0,0,0,2009ApJ...703.1545F
304,0,Astronomy and Astrophysics,0,0,0,2009-03-00,0,0,0,2009A%26A...496..527B
305,0,The Astrophysical Journal,0,0,0,2009-12-00,0,0,0,2009ApJ...707..768N
306,0,Astronomy and Astrophysics,0,0,0,2009-01-00,0,0,0,2009A%26A...493..645F
307,0,Astronomy and Astrophysics,0,0,0,2009-06-00,0,0,0,2009A%26A...499..935D
308,0,Astronomy and Astrophysics,0,0,0,2009-03-00,0,0,0,2009A%26A...496..527B
309,0,The Astrophysical Journal,0,0,0,2009-01-00,0,0,0,2009ApJ...690..743B
310,0,The Astrophysical Journal,0,0,0,2009-09-00,0,0,0,2009ApJ...703..752L
311,0,Publications of the Astronomical Society of the Pacific,0,0,0,2009-06-00,0,1,0,2009PASP..121..613P
312,0,The Astrophysical Journal,0,0,0,2009-12-00,0,0,0,2009ApJ...707..446B
313,0,The Astrophysical Journal,0,0,0,2009-01-00,0,0,0,2009ApJ...690L..89H
314,0,The Astrophysical Journal,0,0,0,2009-12-00,0,0,0,2009ApJ...707..768N
315,0,The Astrophysical Journal,0,0,0,2009-05-00,0,0,0,2009ApJ...696...75H
316,0,Astronomy and Astrophysics,0,0,0,2009-03-00,0,0,0,2009A%26A...496..513M
317,0,Astronomy and Astrophysics,0,0,0,2009-03-00,0,0,0,2009A%26A...496..513M
318,0,The Astrophysical Journal,0,0,0,2009-01-00,0,0,0,2009ApJ...690.1393S
319,0,Astronomy and Astrophysics,0,0,0,2009-01-00,0,0,0,2009A%26A...493..639M
320,0,Astronomy and Astrophysics,0,0,0,2009-07-00,0,0,0,2009A%26A...501..785G
321,0,Research in Astronomy and Astrophysics,0,0,0,2009-01-00,0,0,0,2009RAA.....9....1L
322,0,The Astrophysical Journal,0,0,0,2009-10-00,0,0,0,2009ApJ...703.1545F
323,0,Astronomy and Astrophysics,0,0,0,2009-03-00,0,0,0,2009A%26A...496..527B
324,0,Astronomy and Astrophysics,0,0,0,2009-10-00,0,0,0,2009A%26A...506..281R
325,0,Monthly Notices of the Royal Astronomical Society,0,0,0,2009-02-00,0,0,0,2009MNRAS.392.1585C
326,0,Nature,0,0,0,2009-12-00,0,0,0,2009Natur.462..891C
327,0,The Astrophysical Journal,0,0,0,2009-06-00,0,0,0,2009ApJ...698.1826D
328,0,The Astrophysical Journal,0,0,0,2009-06-00,0,0,0,2009ApJ...697.1263O
329,0,Astronomy and Astrophysics,0,0,0,2009-12-00,0,0,0,2009A%26A...507.1659G
330,0,The Astrophysical Journal,0,0,0,2009-09-00,0,0,0,2009ApJ...702..989V
331,0,Publications of the Astronomical Society of the Pacific,0,0,0,2009-06-00,0,1,0,2009PASP..121..613P
332,0,The Astrophysical Journal,0,0,0,2009-07-00,0,0,0,2009ApJ...699L..97W
333,0,The Astrophysical Journal,0,0,0,2009-12-00,0,0,0,2009ApJ...707..768N
334,0,The Astrophysical Journal,0,0,0,2009-10-00,0,0,0,2009ApJ...703.1545F
335,0,Astronomy and Astrophysics,0,0,0,2009-01-00,0,0,0,2009A%26A...493..639M
336,0,The Astrophysical Journal,0,0,0,2009-09-00,0,0,0,2009ApJ...703..671S
337,0,Astronomy and Astrophysics,0,0,0,2009-03-00,0,0,0,2009A%26A...496..521C
338,0,The Astrophysical Journal,0,0,0,2009-12-00,0,0,0,2009ApJ...707..446B
339,0,Astronomy and Astrophysics,0,0,0,2009-03-00,0,0,0,2009A%26A...496..521C
340,0,Astronomy and Astrophysics,0,0,0,2009-04-00,0,0,0,2009A%26A...497..545S
341,0,Astronomy and Astrophysics,0,0,0,2009-01-00,0,0,0,2009A%26A...493L..21L
342,0,Astronomy and Astrophysics,0,0,0,2009-11-00,0,0,0,2009A%26A...507..487M
343,0,Astronomy and Astrophysics,0,0,0,2010-02-00,0,0,0,2010A%26A...511A..45S
344,0,The Astrophysical Journal,0,0,0,2010-05-00,0,0,0,2010ApJ...715..550H
345,0,The Astrophysical Journal,0,0,0,2010-03-00,0,0,0,2010ApJ...711.1229A
346,0,Publications of the Astronomical Society of the Pacific,0,0,0,2010-05-00,0,0,0,2010PASP..122..701J
347,0,The Astrophysical Journal,0,0,0,2010-09-00,0,0,0,2010ApJ...720.1118B
348,0,The Astrophysical Journal,0,0,0,2010-01-00,0,0,0,2010ApJ...709..159A
349,0,The Astrophysical Journal,0,0,0,2010-03-00,0,0,0,2010ApJ...711..731J
350,0,Science,0,1,0,2010-10-00,0,0,0,2010Sci...330...51H
351,0,Astronomy and Astrophysics,0,0,0,2010-03-00,0,0,0,2010A%26A...512A..48L
352,0,Astronomy and Astrophysics,0,0,0,2010-03-00,0,0,0,2010A%26A...512A..46H
353,0,Nature,0,0,0,2010-03-00,0,0,0,2010Natur.464..384D
354,0,Publications of the Astronomical Society of the Pacific,0,0,0,2010-05-00,0,0,0,2010PASP..122..701J
355,0,Astronomy and Astrophysics,0,0,0,2010-11-00,0,0,0,2010A%26A...523A..15N
356,0,Astronomy and Astrophysics,0,0,0,2010-09-00,0,0,0,2010A%26A...520A..66B
357,0,Astronomy and Astrophysics,0,0,0,2010-09-00,0,0,0,2010A%26A...520A..97G
358,0,Publications of the Astronomical Society of Japan,0,0,0,2010-08-00,0,0,0,2010PASJ...62.1063S
359,0,Publications of the Astronomical Society of the Pacific,0,0,0,2010-05-00,0,0,0,2010PASP..122..701J
360,0,Astronomy and Astrophysics,0,0,0,2010-11-00,0,0,0,2010A%26A...523A..15N
361,0,Astronomy and Astrophysics,0,0,0,2010-03-00,0,0,0,2010A%26A...512A..48L
362,0,The Astrophysical Journal,0,0,0,2010-12-00,0,0,0,2010ApJ...724..866K
363,0,The Astrophysical Journal,0,0,0,2010-10-00,0,0,0,2010ApJ...721.1467H
364,0,Nature,0,0,0,2010-12-00,0,0,0,2010Natur.468.1080M
365,0,Publications of the Astronomical Society of the Pacific,0,0,0,2010-12-00,0,0,0,2010PASP..122.1465M
366,0,Astronomy and Astrophysics,0,0,0,2010-04-00,0,0,0,2010A&A...513A..69H
367,0,Astronomy and Astrophysics,0,0,0,2010-03-00,0,0,0,2010A%26A...512A..14F
368,0,The Astrophysical Journal,0,0,0,2010-03-00,0,0,0,2010ApJ...711.1229A
369,0,The Astrophysical Journal,0,0,0,2010-10-00,0,0,0,2010ApJ...721L.153J
370,0,Publications of the Astronomical Society of the Pacific,0,0,0,2010-05-00,0,0,0,2010PASP..122..701J
371,0,The Astrophysical Journal,0,0,0,2010-10-00,0,0,0,2010ApJ...721.1467H
372,0,The Astrophysical Journal,0,0,0,2010-01-00,0,0,0,2010ApJ...708..224H
373,0,Publications of the Astronomical Society of the Pacific,0,0,0,2010-05-00,0,0,0,2010PASP..122..701J
374,0,Astronomy and Astrophysics,0,0,0,2010-11-00,0,0,0,2010A%26A...523A..15N
375,0,Astronomy and Astrophysics,0,0,0,2010-11-00,0,0,0,2010A%26A...523A..15N
376,0,Astronomy and Astrophysics,0,0,0,2010-12-00,0,0,0,2010A&A...524A..55G
377,0,Astronomy and Astrophysics,0,0,0,2010-03-00,0,0,0,2010A%26A...512A..46H
378,0,Monthly Notices of the Royal Astronomical Society,0,0,0,2010-08-00,0,0,0,2010MNRAS.406.1918D
379,0,Astronomy and Astrophysics,0,0,0,2010-01-00,0,0,0,2010A%26A...509A..24H
380,0,Astronomy and Astrophysics,0,0,0,2010-11-00,0,0,0,2010A%26A...523A..15N
381,0,Astronomy and Astrophysics,0,0,0,2010-10-00,0,0,0,2010A%26A...521L..60B
382,0,The Astrophysical Journal,0,0,0,2010-12-00,0,0,0,2010ApJ...725.2017K
383,0,The Astrophysical Journal,0,0,0,2010-05-00,0,0,0,2010ApJ...715..271H
384,0,Science,0,1,0,2010-10-00,0,0,0,2010Sci...330...51H
385,0,Science,0,1,0,2010-10-00,0,0,0,2010Sci...330...51H
386,0,The Astrophysical Journal,0,0,0,2010-10-00,0,0,0,2010ApJ...721.1467H
387,0,The Astrophysical Journal,0,0,0,2010-04-00,0,0,0,2010ApJ...713L.136D
388,0,The Astrophysical Journal,0,0,0,2010-10-00,0,0,0,2010ApJ...721.1467H
389,0,Astronomy and Astrophysics,0,0,0,2010-02-00,0,0,0,2010A%26A...511A..45S
390,0,Publications of the Astronomical Society of the Pacific,0,0,0,2010-02-00,0,0,0,2010PASP..122..149J
391,0,Astronomy and Astrophysics,0,0,0,2010-09-00,0,0,0,2010A%26A...520A..56S
392,0,The Astrophysical Journal,0,0,0,2010-02-00,0,0,0,2010ApJ...710.1641S
393,0,Astronomy and Astrophysics,0,0,0,2010-11-00,0,0,0,2010A%26A...523A..88B
394,0,Astronomy and Astrophysics,0,0,0,2010-02-00,0,0,0,2010A%26A...511A..45S
395,0,The Astrophysical Journal,0,0,0,2010-01-00,0,0,0,2010ApJ...708.1366V
396,0,Astronomy and Astrophysics,0,0,0,2010-03-00,0,0,0,2010A%26A...512A..47S
397,0,Astronomy and Astrophysics,0,0,0,2010-03-00,0,0,0,2010A%26A...512A..48L
398,0,Astronomy and Astrophysics,0,0,0,2010-11-00,0,0,0,2010A%26A...523A..15N
399,0,Astronomy and Astrophysics,0,0,0,2010-09-00,0,0,0,2010A&A...520A..65B
400,0,The Astrophysical Journal,0,0,0,2010-04-00,0,0,0,2010ApJ...713L.140L
401,0,Astronomy and Astrophysics,0,0,0,2010-11-00,0,0,0,2010A%26A...523A..15N
402,0,Publications of the Astronomical Society of the Pacific,0,0,0,2010-05-00,0,0,0,2010PASP..122..701J
403,0,The Astrophysical Journal,0,0,0,2010-01-00,0,0,0,2010ApJ...708.1492R
404,0,The Astrophysical Journal,0,0,0,2010-11-00,0,0,0,2010ApJ...723L..60H
405,0,Astronomy and Astrophysics,0,0,0,2010-03-00,0,0,0,2010A%26A...512A..47S
406,0,Astronomy and Astrophysics,0,0,0,2010-04-00,0,0,0,2010A&A...513A..69H
407,0,The Astrophysical Journal,0,0,0,2010-09-00,0,0,0,2010ApJ...720..337S
408,0,The Astronomical Journal,0,0,0,2010-12-00,0,0,0,2010AJ....140.2007M
409,0,The Astrophysical Journal,0,0,0,2010-12-00,0,0,0,2010ApJ...724.1108J
410,0,The Astrophysical Journal,0,0,0,2010-01-00,0,0,0,2010ApJ...708.1366V
411,0,Astronomy and Astrophysics,0,0,0,2010-09-00,0,0,0,2010A&A...519A..98B
412,0,Astronomy and Astrophysics,0,0,0,2010-10-00,0,0,0,2010A%26A...521L..60B
413,0,Publications of the Astronomical Society of the Pacific,0,0,0,2010-05-00,0,0,0,2010PASP..122..701J
414,0,The Astrophysical Journal,0,0,0,2010-05-00,0,0,0,2010ApJ...715..458T
415,0,The Astrophysical Journal,0,0,0,2010-04-00,0,0,0,2010ApJ...713L.126B
416,0,Astronomy and Astrophysics,0,0,0,2010-03-00,0,0,0,2010A%26A...512A..48L
417,0,Astronomy and Astrophysics,0,0,0,2010-02-00,0,0,0,2010A%26A...511A..45S
418,0,Publications of the Astronomical Society of the Pacific,0,0,0,2010-02-00,0,0,0,2010PASP..122..156A
419,0,The Astrophysical Journal,0,0,0,2010-02-00,0,0,0,2010ApJ...710.1724B
420,0,Publications of the Astronomical Society of Japan,0,0,0,2010-08-00,0,0,0,2010PASJ...62.1063S
421,0,The Astrophysical Journal,0,0,0,2010-04-00,0,0,0,2010ApJ...713L.131K
422,0,The Astrophysical Journal,0,0,0,2010-08-00,0,0,0,2010ApJ...719..890R
423,0,Astronomy and Astrophysics,0,0,0,2010-11-00,0,0,0,2010A%26A...523A..15N
424,0,The Astrophysical Journal,0,0,0,2010-01-00,0,0,0,2010ApJ...708.1366V
425,0,Astronomy and Astrophysics,0,0,0,2010-11-00,0,0,0,2010A&A...522A.110C
426,0,The Astrophysical Journal,0,0,0,2011-12-00,0,0,0,2011ApJ...743..184W
427,0,The Astronomical Journal,0,0,0,2011-09-00,0,0,0,2011AJ....142...86E
428,0,The Astrophysical Journal Supplement Series,0,0,0,2011-12-00,0,0,0,2011ApJS..197...26J
429,0,The Astrophysical Journal,0,0,0,2011-07-00,0,0,0,2011ApJ...736...19B
430,0,The Astrophysical Journal,0,0,0,2011-07-00,0,0,0,2011ApJ...736...19B
431,0,The Astrophysical Journal Supplement Series,0,0,0,2011-12-00,0,0,0,2011ApJS..197...26J
432,0,Astronomy and Astrophysics,0,0,0,2011-11-00,0,0,0,2011A%26A...535L...7H
433,0,The Astrophysical Journal,0,0,0,2011-07-00,0,0,0,2011ApJ...736...19B
434,0,The Astrophysical Journal,0,0,0,2011-07-00,0,0,0,2011ApJ...736...19B
435,0,The Astrophysical Journal,0,0,0,2011-07-00,0,0,0,2011ApJ...736...19B
436,0,The Astrophysical Journal,0,0,0,2011-07-00,0,0,0,2011ApJ...736...19B
437,0,The Astrophysical Journal,0,0,0,2011-07-00,0,0,0,2011ApJ...736...19B
438,0,The Astrophysical Journal,0,0,0,2011-07-00,0,0,0,2011ApJ...736...19B
439,0,The Astrophysical Journal Supplement Series,0,0,0,2011-12-00,0,0,0,2011ApJS..197...26J
440,0,Astronomy and Astrophysics,0,0,0,2011-11-00,0,0,0,2011A%26A...535A..54S
441,0,The Astrophysical Journal,0,0,0,2011-07-00,0,0,0,2011ApJ...736...19B
442,0,The Astrophysical Journal,0,0,0,2011-02-00,0,0,0,2011ApJ...728..120M
443,0,The Astrophysical Journal,0,0,0,2011-07-00,0,0,0,2011ApJ...736...19B
444,0,The Astrophysical Journal,0,0,0,2011-07-00,0,0,0,2011ApJ...736...19B
445,0,The Astrophysical Journal,0,0,0,2011-07-00,0,0,0,2011ApJ...736...19B
446,0,The Astrophysical Journal Supplement Series,0,0,0,2011-12-00,0,0,0,2011ApJS..197...26J
447,0,The Astrophysical Journal Supplement Series,0,0,0,2011-12-00,0,0,0,2011ApJS..197...26J
448,0,The Astrophysical Journal,0,0,0,2011-07-00,0,0,0,2011ApJ...736...19B
449,0,The Astrophysical Journal,0,0,0,2011-07-00,0,0,0,2011ApJ...736...19B
450,0,The Astrophysical Journal,0,0,0,2011-07-00,0,0,0,2011ApJ...736...19B
451,0,Nature,0,1,0,2011-02-00,0,0,0,2011Natur.470...53L
452,0,The Astrophysical Journal Supplement Series,0,0,0,2011-12-00,0,0,0,2011ApJS..197...26J
453,0,The Astrophysical Journal,0,0,0,2011-07-00,0,0,0,2011ApJ...736...19B
454,0,The Astrophysical Journal,0,0,0,2011-07-00,0,0,0,2011ApJ...736...19B
455,0,The Astrophysical Journal,0,0,0,2011-07-00,0,0,0,2011ApJ...736...19B
456,0,The Astrophysical Journal,0,0,0,2011-07-00,0,0,0,2011ApJ...736...19B
457,0,Astronomy and Astrophysics,0,0,0,2011-02-00,0,0,0,2011A%26A...526A.130S
458,0,Monthly Notices of the Royal Astronomical Society,0,0,0,2011-10-00,0,0,0,2011MNRAS.417..709A
459,0,The Astrophysical Journal Supplement Series,0,0,0,2011-12-00,0,0,0,2011ApJS..197...26J
460,0,The Astronomical Journal,0,0,0,2011-01-00,0,1,0,2011AJ....141...16J
461,0,Nature,0,1,0,2011-02-00,0,0,0,2011Natur.470...53L
462,0,The Astrophysical Journal Supplement Series,0,0,0,2011-12-00,0,0,0,2011ApJS..197...26J
463,0,Astronomy and Astrophysics,0,0,0,2011-09-00,0,0,0,2011A%26A...533A.130H
464,0,The Astrophysical Journal,0,0,0,2011-12-00,0,0,0,2011ApJ...742..116B
465,0,The Astrophysical Journal,0,0,0,2011-05-00,0,0,0,2011ApJ...732...31T
466,0,The Astrophysical Journal,0,0,0,2011-07-00,0,0,0,2011ApJ...736...19B
467,0,The Astrophysical Journal,0,0,0,2011-07-00,0,0,0,2011ApJ...736...19B
468,0,Astronomy and Astrophysics,0,0,0,2011-07-00,0,0,0,2011A%26A...531A..40F
469,0,Astronomy and Astrophysics,0,0,0,2011-09-00,0,0,0,2011A%26A...533A..88G
470,0,The Astrophysical Journal,0,0,0,2011-07-00,0,0,0,2011ApJ...736...19B
471,0,The Astrophysical Journal,0,0,0,2011-07-00,0,0,0,2011ApJ...736...19B
472,0,The Astrophysical Journal,0,0,0,2011-07-00,0,0,0,2011ApJ...736...19B
473,0,Nature,0,1,0,2011-02-00,0,0,0,2011Natur.470...53L
474,0,The Astrophysical Journal,0,0,0,2011-07-00,0,0,0,2011ApJ...735...24J
475,0,The Astrophysical Journal,0,0,0,2011-02-00,0,0,0,2011ApJ...727..117M
476,0,The Astrophysical Journal,0,0,0,2011-11-00,0,0,0,2011ApJ...742...59H
477,0,Publications of the Astronomical Society of the Pacific,0,0,0,2011-05-00,0,0,0,2011PASP..123..547M
478,0,Astronomy and Astrophysics,0,0,0,2011-03-00,0,0,0,2011A%26A...527A..63M
479,0,Astronomy and Astrophysics,0,0,0,2011-03-00,0,0,0,2011A%26A...527A..63M
480,0,Astronomy and Astrophysics,0,0,0,2011-10-00,0,0,0,2011A%26A...534A..58P
481,0,The Astrophysical Journal,0,0,0,2011-06-00,0,0,0,2011ApJ...733..116B
482,0,The Astrophysical Journal,0,0,0,2011-07-00,0,0,0,2011ApJ...736...19B
483,0,The Astrophysical Journal,0,0,0,2011-07-00,0,0,0,2011ApJ...736...19B
484,0,The Astrophysical Journal,0,0,0,2011-07-00,0,0,0,2011ApJ...736...19B
485,0,Astronomy and Astrophysics,0,0,0,2011-09-00,0,0,0,2011A%26A...533A..90D
486,0,The Astrophysical Journal,0,0,0,2011-07-00,0,0,0,2011ApJ...736...19B
487,0,Monthly Notices of the Royal Astronomical Society,0,0,0,2011-01-00,0,0,0,2011MNRAS.410.1631E
488,0,The Astronomical Journal,0,0,0,2011-01-00,0,1,0,2011AJ....141...16J
489,0,Astronomy and Astrophysics,0,0,0,2013-01-00,0,0,0,1111.5019
490,0,The Astrophysical Journal,0,0,0,2011-07-00,0,0,0,2011ApJ...736...19B
491,0,The Astrophysical Journal,0,1,0,2011-03-00,0,0,0,2011ApJ...729...27B
492,0,The Astronomical Journal,0,0,0,2011-09-00,0,0,0,2011AJ....142...86E
493,0,The Astrophysical Journal,0,0,0,2011-07-00,0,0,0,2011ApJ...736...19B
494,0,The Astrophysical Journal,0,0,0,2011-07-00,0,0,0,2011ApJ...736...19B
495,0,Astronomy and Astrophysics,0,0,0,2011-07-00,0,0,0,2011A%26A...531A..60A
496,0,Astronomy and Astrophysics,0,0,0,2011-04-00,0,0,0,2011A%26A...528A.112L
497,0,The Astrophysical Journal,0,0,0,2011-07-00,0,0,0,2011ApJ...736...19B
498,0,The Astrophysical Journal,0,0,0,2011-07-00,0,0,0,2011ApJ...736...19B
499,0,The Astrophysical Journal,0,0,0,2011-03-00,0,0,0,2011ApJ...730...10H
500,0,The Astrophysical Journal,0,0,0,2011-07-00,0,0,0,2011ApJ...736...19B
501,0,Astronomy and Astrophysics,0,0,0,2011-10-00,0,0,0,2011A%26A...534A..58P
502,0,Astronomy and Astrophysics,0,0,0,2011-07-00,0,0,0,2011A%26A...531A..41C
503,0,The Astrophysical Journal Supplement Series,0,0,0,2011-12-00,0,0,0,2011ApJS..197...26J
504,0,Astronomy and Astrophysics,0,0,0,2011-02-00,0,0,0,2011A%26A...526A.111M
505,0,The Astrophysical Journal,0,0,0,2011-02-00,0,0,0,2011ApJ...727..117M
506,0,Astronomy and Astrophysics,0,0,0,2011-04-00,0,0,0,2011A%26A...528A.112L
507,0,The Astrophysical Journal,0,0,0,2011-07-00,0,0,0,2011ApJ...736...19B
508,0,The Astrophysical Journal,0,0,0,2011-07-00,0,0,0,2011ApJ...736...19B
509,0,The Astrophysical Journal,0,0,0,2011-07-00,0,0,0,2011ApJ...736...19B
510,0,The Astrophysical Journal Supplement Series,0,0,0,2011-12-00,0,0,0,2011ApJS..197...26J
511,0,The Astronomical Journal,0,0,0,2011-01-00,0,1,0,2011AJ....141...16J
512,0,The Astrophysical Journal,0,0,0,2011-07-00,0,0,0,2011ApJ...736...19B
513,0,Publications of the Astronomical Society of the Pacific,0,0,0,2011-05-00,0,0,0,2011PASP..123..555A
514,0,Astronomy and Astrophysics,0,0,0,2011-04-00,0,0,0,2011A%26A...528A.111B
515,0,The Astrophysical Journal,0,0,0,2011-07-00,0,0,0,2011ApJ...736...19B
516,0,The Astrophysical Journal,0,0,0,2011-07-00,0,0,0,2011ApJ...736...19B
517,0,Astronomy and Astrophysics,0,0,0,2011-11-00,0,0,0,2011A%26A...535A..55D
518,0,The Astrophysical Journal Supplement Series,0,0,0,2011-12-00,0,0,0,2011ApJS..197...26J
519,0,The Astrophysical Journal Supplement Series,0,0,0,2011-12-00,0,0,0,2011ApJS..197...26J
520,0,The Astrophysical Journal,0,0,0,2011-02-00,0,0,0,2011ApJ...728..138H
521,0,The Astrophysical Journal,0,0,0,2011-07-00,0,0,0,2011ApJ...736...19B
522,0,The Astrophysical Journal Supplement Series,0,0,0,2011-12-00,0,0,0,2011ApJS..197...26J
523,0,The Astrophysical Journal,0,0,0,2011-12-00,0,0,0,2011ApJ...742..116B
524,0,The Astrophysical Journal,0,0,0,2011-07-00,0,0,0,2011ApJ...736...19B
525,0,The Astrophysical Journal,0,0,0,2011-07-00,0,0,0,2011ApJ...736...19B
526,0,The Astrophysical Journal,0,0,0,2011-01-00,0,0,0,2011ApJ...726...73H
527,0,Astronomy and Astrophysics,0,0,0,2011-10-00,0,0,0,2011A%26A...534A..58P
528,0,The Astrophysical Journal,0,0,0,2011-07-00,0,0,0,2011ApJ...736...19B
529,0,The Astrophysical Journal,0,0,0,2011-07-00,0,0,0,2011ApJ...736...19B
530,0,Astronomy and Astrophysics,0,0,0,2011-01-00,0,0,0,2011A&A...525A..54B
531,0,The Astrophysical Journal,0,0,0,2011-07-00,0,0,0,2011ApJ...736...19B
532,0,The Astrophysical Journal,0,0,0,2011-07-00,0,0,0,2011ApJ...736...19B
533,0,The Astrophysical Journal,0,0,0,2011-07-00,0,0,0,2011ApJ...736...19B
534,0,The Astrophysical Journal,0,0,0,2011-07-00,0,0,0,2011ApJ...736...19B
535,0,Nature,0,1,0,2011-02-00,0,0,0,2011Natur.470...53L
536,0,The Astrophysical Journal,0,0,0,2011-07-00,0,0,0,2011ApJ...736...19B
537,0,Astronomy and Astrophysics,0,0,0,2011-11-00,0,0,0,2011A%26A...535A..54S
538,0,The Astrophysical Journal,0,0,0,2011-07-00,0,0,0,2011ApJ...736...19B
539,0,Astronomy and Astrophysics,0,0,0,2011-11-00,0,0,0,2011A%26A...535A..55D
540,0,The Astrophysical Journal,0,0,0,2011-07-00,0,0,0,2011ApJ...736...19B
541,0,The Astrophysical Journal,0,0,0,2011-07-00,0,0,0,2011ApJ...736...19B
542,0,Astronomy and Astrophysics,0,0,0,2011-10-00,0,0,0,2011A%26A...534A..58P
543,0,European Physical Journal Web of Conferences,0,0,0,2011-02-00,0,0,0,2011EPJWC..1102006D
544,0,The Astrophysical Journal,0,0,0,2011-06-00,0,0,0,2011ApJ...733..116B
545,0,The Astrophysical Journal,0,0,0,2011-02-00,0,0,0,2011ApJ...727..103T
546,0,The Astrophysical Journal,0,0,0,2011-11-00,0,0,0,2011ApJ...741..114M
547,0,The Astrophysical Journal,0,0,0,2011-07-00,0,0,0,2011ApJ...736...19B
548,0,The Astrophysical Journal,0,0,0,2011-07-00,0,0,0,2011ApJ...736...19B
549,0,The Astrophysical Journal,0,0,0,2011-07-00,0,0,0,2011ApJ...736...19B
550,0,Astronomy and Astrophysics,0,0,0,2011-05-00,0,0,0,2011A%26A...529A.102B
551,0,The Astrophysical Journal,0,0,0,2011-03-00,0,0,0,2011ApJ...730...10H
552,0,The Astrophysical Journal Supplement Series,0,0,0,2011-12-00,0,0,0,2011ApJS..197...26J
553,0,Astronomy and Astrophysics,0,0,0,2011-10-00,0,0,0,2011A%26A...534A..58P
554,0,The Astrophysical Journal,0,0,0,2011-12-00,0,0,0,2011ApJ...742..116B
555,0,Astronomy and Astrophysics,0,0,0,2011-04-00,0,0,0,2011A%26A...528A.112L
556,0,Astronomy and Astrophysics,0,0,0,2011-03-00,0,0,0,2011A%26A...527A..63M
557,0,The Astrophysical Journal Supplement Series,0,0,0,2011-12-00,0,0,0,2011ApJS..197...26J
558,0,Astronomy and Astrophysics,0,0,0,2011-04-00,0,0,0,2011A%26A...528A.112L
559,0,The Astronomical Journal,0,0,0,2011-01-00,0,1,0,2011AJ....141...16J
560,0,The Astronomical Journal,0,0,0,2011-01-00,0,0,0,2011AJ....141....8S
561,0,Astronomy and Astrophysics,0,0,0,2013-01-00,0,0,0,1111.5019
562,0,The Astrophysical Journal,0,0,0,2011-07-00,0,0,0,2011ApJ...736...19B
563,0,Astronomy and Astrophysics,0,0,0,2011-04-00,0,0,0,2011A%26A...528A..63S
564,0,The Astrophysical Journal,0,0,0,2011-07-00,0,0,0,2011ApJ...736...19B
565,0,The Astrophysical Journal,0,0,0,2011-07-00,0,0,0,2011ApJ...736...19B
566,0,The Astrophysical Journal,0,0,0,2011-07-00,0,0,0,2011ApJ...736...19B
567,0,The Astrophysical Journal,0,0,0,2011-07-00,0,0,0,2011ApJ...736...19B
568,0,Astronomy and Astrophysics,0,0,0,2011-05-00,0,0,0,2011A%26A...529A.134L
569,0,Astronomy and Astrophysics,0,0,0,2011-04-00,0,0,0,2011A%26A...528A.112L
570,0,The Astrophysical Journal,0,0,0,2011-07-00,0,0,0,2011ApJ...736...19B
571,0,The Astrophysical Journal Supplement Series,0,0,0,2011-12-00,0,0,0,2011ApJS..197...26J
572,0,The Astrophysical Journal Supplement Series,0,0,0,2011-12-00,0,0,0,2011ApJS..197...26J
573,0,Astronomy and Astrophysics,0,0,0,2011-07-00,0,0,0,2011A%26A...531A..24T
574,0,The Astrophysical Journal,0,0,0,2011-07-00,0,0,0,2011ApJ...736...19B
575,0,The Astrophysical Journal,0,0,0,2011-07-00,0,0,0,2011ApJ...736...19B
576,0,The Astrophysical Journal,0,0,0,2011-07-00,0,0,0,2011ApJ...736...19B
577,0,Astronomy and Astrophysics,0,0,0,2011-11-00,0,0,0,2011A%26A...535A..55D
578,0,Astronomy and Astrophysics,0,0,0,2011-02-00,0,0,0,2011A%26A...526A.141F
579,0,The Astrophysical Journal,0,0,0,2011-12-00,0,0,0,2011ApJ...742..116B
580,0,The Astrophysical Journal,0,0,0,2011-07-00,0,0,0,2011ApJ...736...19B
581,0,The Astrophysical Journal Supplement Series,0,0,0,2011-12-00,0,0,0,2011ApJS..197...26J
582,0,The Astrophysical Journal,0,0,0,2011-07-00,0,0,0,2011ApJ...736...19B
583,0,Astronomy and Astrophysics,0,0,0,2011-02-00,0,0,0,2011A%26A...526A.111M
584,0,The Astrophysical Journal,0,0,0,2011-07-00,0,0,0,2011ApJ...736...19B
585,0,The Astrophysical Journal,0,0,0,2011-07-00,0,0,0,2011ApJ...736...19B
586,0,The Astrophysical Journal,0,0,0,2011-07-00,0,0,0,2011ApJ...736...19B
587,0,The Astrophysical Journal,0,0,0,2011-07-00,0,0,0,2011ApJ...736...19B
588,0,Astronomy and Astrophysics,0,0,0,2011-02-00,0,0,0,2011A%26A...526A.141F
589,0,The Astrophysical Journal,0,0,0,2011-07-00,0,0,0,2011ApJ...736...19B
590,0,The Astrophysical Journal,0,0,0,2011-07-00,0,0,0,2011ApJ...736...19B
591,0,Astronomy and Astrophysics,0,0,0,2011-02-00,0,0,0,2011A%26A...526A.111M
592,0,The Astrophysical Journal,0,0,0,2011-07-00,0,0,0,2011ApJ...736...19B
593,0,Astronomy and Astrophysics,0,0,0,2011-11-00,0,0,0,2011A%26A...535A..54S
594,0,The Astrophysical Journal,0,0,0,2011-07-00,0,0,0,2011ApJ...736...19B
595,0,The Astrophysical Journal,0,0,0,2011-07-00,0,0,0,2011ApJ...736...19B
596,0,Astronomy and Astrophysics,0,0,0,2011-04-00,0,0,0,2011A%26A...528A..97T
597,0,The Astrophysical Journal,0,0,0,2011-07-00,0,0,0,2011ApJ...736...19B
598,0,The Astrophysical Journal,0,0,0,2011-01-00,0,0,0,2011ApJ...726...52H
599,0,The Astrophysical Journal,0,0,0,2011-07-00,0,0,0,2011ApJ...736...19B
600,0,Astronomy and Astrophysics,0,0,0,2011-11-00,0,0,0,2011A%26A...535A..55D
601,0,The Astrophysical Journal,0,0,0,2011-07-00,0,0,0,2011ApJ...736...19B
602,0,Nature,0,1,0,2011-02-00,0,0,0,2011Natur.470...53L
603,0,The Astrophysical Journal,0,0,0,2011-01-00,0,0,0,2011ApJ...726...52H
604,0,The Astrophysical Journal,0,0,0,2011-11-00,0,0,0,2011ApJ...742...59H
605,0,Astronomy and Astrophysics,0,0,0,2011-04-00,0,0,0,2011A%26A...528A.112L
606,0,The Astrophysical Journal,0,0,0,2011-07-00,0,0,0,2011ApJ...736...19B
607,0,The Astrophysical Journal,0,0,0,2011-07-00,0,0,0,2011ApJ...736...19B
608,0,The Astrophysical Journal,0,0,0,2011-07-00,0,0,0,2011ApJ...736...19B
609,0,Nature,0,1,0,2011-02-00,0,0,0,2011Natur.470...53L
610,0,The Astronomical Journal,0,0,0,2011-09-00,0,0,0,2011AJ....142...95K
611,0,The Astrophysical Journal,0,1,0,2011-03-00,0,0,0,2011ApJ...729...27B
612,0,Science,0,0,0,2012-09-00,0,0,0,2012Sci...337.1511O
613,0,The Astrophysical Journal,0,0,0,2012-01-00,0,0,0,2012ApJ...745...28G
614,0,The Astrophysical Journal,0,0,0,2012-01-00,0,1,0,2012ApJ...745...21F
615,0,Monthly Notices of the Royal Astronomical Society,0,0,0,2012-10-00,0,0,0,2012MNRAS.426..739H
616,0,Publications of the Astronomical Society of Japan,0,0,0,2012-12-00,0,0,0,2012PASJ...64..135S
617,0,The Astronomical Journal,0,0,0,2012-11-00,0,0,0,2012AJ....144..139H
618,0,Science,0,0,0,2012-08-00,0,0,0,2012Sci...337..556C
619,0,The Astrophysical Journal,0,0,0,2012-08-00,0,0,0,2012ApJ...755..102Y
620,0,The Astrophysical Journal,0,0,0,2012-07-00,0,0,0,2012ApJ...753..169W
621,0,Science,0,0,0,2012-09-00,0,0,0,2012Sci...337.1511O
622,0,The Astrophysical Journal,0,0,0,2012-04-00,1,0,0,2012ApJ...749...39R
623,0,The Astrophysical Journal,0,0,0,2012-05-00,0,0,0,2012ApJ...750...84B
624,0,The Astrophysical Journal Supplement Series,0,0,0,2013-10-00,0,0,0,2012arXiv1208.3312X
625,0,Monthly Notices of the Royal Astronomical Society,0,0,0,2012-10-00,0,0,0,2012MNRAS.426..739H
626,0,The Astrophysical Journal Supplement Series,0,0,0,2013-10-00,0,0,0,2012arXiv1208.3312X
627,0,The Astrophysical Journal,0,0,0,2012-10-00,0,0,0,2012ApJ...757..119B
628,0,Monthly Notices of the Royal Astronomical Society,0,0,0,2012-10-00,0,0,0,2012MNRAS.426..739H
629,0,The Astrophysical Journal,0,0,0,2012-09-00,0,0,0,2012ApJ...756...91H
630,0,The Astrophysical Journal Supplement Series,0,0,0,2013-10-00,0,0,0,2012arXiv1208.3312X
631,0,The Astronomical Journal,0,0,0,2012-04-00,0,0,0,2012AJ....143...81S
632,0,The Astrophysical Journal,0,0,0,2012-01-00,0,0,0,2012ApJ...745...80Q
633,0,Nature,0,0,0,2012-01-00,1,0,0,2012Natur.481..475W
634,0,Publications of the Astronomical Society of Japan,0,0,0,2012-10-00,0,0,0,2012PASJ...64...97S
635,0,The Astrophysical Journal Supplement Series,0,0,0,2013-10-00,0,0,0,2012arXiv1208.3312X
636,0,The Astronomical Journal,0,0,0,2012-07-00,0,0,0,2012AJ....144...19B
637,0,Monthly Notices of the Royal Astronomical Society,0,0,0,2012-12-00,0,0,0,2012MNRAS.427.1877C
638,0,The Astrophysical Journal Supplement Series,0,0,0,2013-10-00,0,0,0,2012arXiv1208.3312X
639,0,The Astrophysical Journal Supplement Series,0,0,0,2013-02-00,0,0,0,2013ApJS..204...24B
640,0,The Astrophysical Journal,0,0,0,2012-01-00,0,0,0,2012ApJ...745...28G
641,0,The Astronomical Journal,0,0,0,2012-11-00,0,0,0,2012AJ....144..139H
642,0,The Astrophysical Journal,0,0,0,2012-09-00,0,0,0,2012ApJ...756...91H
643,0,Monthly Notices of the Royal Astronomical Society,0,0,0,2012-10-00,0,0,0,2012MNRAS.426..739H
644,0,Astronomy and Astrophysics,0,0,0,2012-09-00,0,0,0,2012A%26A...545A..55B
645,0,The Astrophysical Journal,0,0,0,2012-04-00,1,0,0,2012ApJ...749...39R
646,0,The Astrophysical Journal Supplement Series,0,0,0,2013-10-00,0,0,0,2012arXiv1208.3312X
647,0,The Astrophysical Journal,0,0,0,2012-09-00,0,0,0,2012ApJ...756L..33Q
648,0,Astronomy and Astrophysics,0,0,0,2012-11-00,0,0,0,2012A%26A...547A..61S
649,0,Astronomy and Astrophysics,0,0,0,2012-01-00,0,0,0,2012A%26A...537A..54R
650,0,Publications of the Astronomical Society of Japan,0,0,0,2012-12-00,0,0,0,2012PASJ...64..135S
651,0,The Astrophysical Journal,0,0,0,2012-01-00,0,0,0,2012ApJ...744....4G
652,0,Monthly Notices of the Royal Astronomical Society,0,0,0,2012-05-00,0,0,0,2012MNRAS.422.1988A
653,0,Monthly Notices of the Royal Astronomical Society,0,0,0,2012-10-00,0,0,0,2012MNRAS.426..739H
654,0,The Astrophysical Journal Supplement Series,0,0,0,2013-10-00,0,0,0,2012arXiv1208.3312X
655,0,Monthly Notices of the Royal Astronomical Society,0,0,0,2012-05-00,0,0,0,2012MNRAS.422.1988A
656,0,The Astrophysical Journal,0,0,0,2012-07-00,0,0,0,2012ApJ...754...73B
657,0,The Astronomical Journal,0,0,0,2012-07-00,0,0,0,2012AJ....144...19B
658,0,The Astrophysical Journal,0,0,0,2012-01-00,0,1,0,2012ApJ...745...21F
659,0,Nature,0,0,0,2012-11-00,0,0,0,2012Natur.491..207D
660,0,Astronomy and Astrophysics,0,0,0,2012-01-00,0,0,0,2012A%26A...537A.136G
661,0,Monthly Notices of the Royal Astronomical Society,0,0,0,2012-10-00,0,0,0,2012MNRAS.426..739H
662,0,The Astronomical Journal,0,0,0,2012-07-00,0,0,0,2012AJ....144...19B
663,0,The Astrophysical Journal,0,0,0,2012-07-00,1,0,0,2012ApJ...754...50R
664,0,The Astrophysical Journal,0,0,0,2012-10-00,0,0,0,2012ApJ...758...87O
665,0,Astronomy and Astrophysics,0,0,0,2012-02-00,0,0,0,2012A%26A...538A.113D
666,0,The Astrophysical Journal Supplement Series,0,0,0,2013-10-00,0,0,0,2012arXiv1208.3312X
667,0,The Astronomical Journal,0,0,0,2012-11-00,0,0,0,2012AJ....144..139H
668,0,Astronomy and Astrophysics,0,0,0,2012-05-00,0,0,0,2012A%26A...541A.149O
669,0,The Astrophysical Journal Supplement Series,0,0,0,2013-10-00,0,0,0,2012arXiv1208.3312X
670,0,Astronomy and Astrophysics,0,0,0,2012-08-00,0,0,0,2012A%26A...544A..72L
671,0,The Astrophysical Journal,0,0,0,2012-01-00,0,1,0,2012ApJ...745...21F
672,0,The Astrophysical Journal,0,0,0,2012-01-00,0,0,0,2012ApJ...744....4G
673,0,Astronomy and Astrophysics,0,0,0,2012-08-00,0,0,0,2012A%26A...544A..72L
674,0,Astronomy and Astrophysics,0,0,0,2012-11-00,0,0,0,2012A%26A...547A..61S
675,0,The Astrophysical Journal,0,0,0,2012-12-00,0,0,1,2012ApJ...761...46W
676,0,The Astrophysical Journal Supplement Series,0,0,0,2013-10-00,0,0,0,2012arXiv1208.3312X
677,0,Publications of the Astronomical Society of Japan,0,0,0,2012-12-00,0,0,0,2012PASJ...64..135S
678,0,The Astrophysical Journal,0,0,0,2012-09-00,0,0,0,2012ApJ...756L..33Q
679,0,Publications of the Astronomical Society of Japan,0,0,0,2012-04-00,0,0,0,2012PASJ...64...34O
680,0,Astronomy and Astrophysics,0,0,0,2012-10-00,0,0,0,2012A%26A...546A..27B
681,0,The Astronomical Journal,0,0,0,2012-07-00,0,0,0,2012AJ....144...19B
682,0,The Astrophysical Journal,0,0,0,2012-01-00,0,0,0,2012ApJ...745...28G
683,0,The Astrophysical Journal,0,0,0,2012-04-00,0,0,0,2012ApJ...749..134H
684,0,Science,0,0,0,2012-06-00,0,0,0,2012Sci...336.1133N
685,0,Astronomy and Astrophysics,0,0,0,2012-10-00,0,0,0,2012A%26A...546A...5L
686,0,Publications of the Astronomical Society of Japan,0,0,0,2012-12-00,0,0,0,2012PASJ...64..135S
687,0,The Astrophysical Journal,0,0,0,2012-09-00,0,0,0,2012ApJ...756L..39B
688,0,Monthly Notices of the Royal Astronomical Society,0,0,0,2012-05-00,0,0,0,2012MNRAS.422.1988A
689,0,The Astrophysical Journal,0,0,0,2012-04-00,1,0,0,2012ApJ...749...39R
690,0,Science,0,0,0,2012-06-00,0,0,0,2012Sci...336.1133N
691,0,Monthly Notices of the Royal Astronomical Society,0,0,0,2012-10-00,0,0,0,2012MNRAS.426..739H
692,0,The Astrophysical Journal Supplement Series,0,0,0,2013-10-00,0,0,0,2012arXiv1208.3312X
693,0,The Astrophysical Journal,0,0,0,2012-05-00,0,0,0,2012ApJ...750..114F
694,0,The Astrophysical Journal,0,0,0,2012-01-00,0,0,0,2012ApJ...744....4G
695,0,The Astrophysical Journal Supplement Series,0,0,0,2013-02-00,0,0,0,1202.5852
696,0,Nature,0,0,0,2012-01-00,1,0,0,2012Natur.481..475W
697,0,The Astrophysical Journal Supplement Series,0,0,0,2013-10-00,0,0,0,2012arXiv1208.3312X
698,0,The Astrophysical Journal,0,0,0,2013-09-00,0,0,0,2013arXiv1307.8128S
699,0,Astronomy and Astrophysics,0,0,0,2014-01-00,0,0,0,2013arXiv1310.1994B
700,0,The Astrophysical Journal Supplement Series,0,0,0,2013-02-00,0,0,0,2013ApJS..204...24B
701,0,Astronomy and Astrophysics,0,0,0,2013-04-00,0,0,0,2013A%26A...552A..82G
702,0,Publications of the Astronomical Society of the Pacific,0,0,0,2013-01-00,0,0,0,2013PASP..125...48M
703,0,The Astrophysical Journal Supplement Series,0,0,0,2013-02-00,0,0,0,2013ApJS..204...24B
704,0,Astronomy and Astrophysics,0,0,0,2013-07-00,0,0,0,2013A%26A...555A.118A
705,0,Astronomy and Astrophysics,0,0,0,2014-03-00,0,0,0,2013arXiv1311.5271M
706,0,Astronomy and Astrophysics,0,0,0,2013-04-00,0,0,0,2013A%26A...552A..70K
707,0,Publications of the Astronomical Society of Japan,0,0,0,2013-08-00,0,0,0,2013arXiv1304.4328S
708,0,The Astrophysical Journal,0,0,0,2013-08-00,0,0,0,2013arXiv1305.7428R
709,0,Science,0,0,0,2013-05-00,0,0,0,2013Sci...340..587B
710,0,The Astrophysical Journal,0,0,0,2014-01-00,0,0,0,2013arXiv1310.6248C
711,0,The Astrophysical Journal Supplement Series,0,0,0,2013-02-00,0,0,0,2013ApJS..204...24B
712,0,The Astrophysical Journal,0,0,0,2013-05-00,0,0,0,2013ApJ...768..127S
713,0,The Astrophysical Journal,0,0,0,2014-01-00,0,0,0,2013arXiv1310.6248C
714,0,Astronomy and Astrophysics,0,0,0,2013-09-00,0,0,0,2013A%26A...557A..74G
715,0,Astronomy and Astrophysics,0,0,0,2014-03-00,0,0,0,2013arXiv1311.5271M
716,0,Astronomy and Astrophysics,0,0,0,2014-03-00,0,0,0,2013arXiv1311.5271M
717,0,Astronomy and Astrophysics,0,0,0,2013-08-00,0,0,0,2013A%26A...556A.110B
718,0,The Astrophysical Journal,0,0,0,2013-10-00,0,0,0,2013ApJ...776...10W
719,0,The Astrophysical Journal Supplement Series,0,0,0,2013-02-00,0,0,0,2013ApJS..204...24B
720,0,Astronomy and Astrophysics,0,0,0,2013-03-00,0,0,0,2013A%26A...551A..73F
721,0,Astronomy and Astrophysics,0,0,0,2013-03-00,0,0,0,2013A%26A...551A..73F
722,0,The Astrophysical Journal Supplement Series,0,0,0,2013-02-00,0,0,0,2013ApJS..204...24B
723,0,The Astrophysical Journal,0,0,0,2014-01-00,0,0,0,2013arXiv1310.6248C
724,0,The Astrophysical Journal,0,0,0,2014-01-00,0,0,0,2013arXiv1310.6248C
725,0,The Astronomical Journal,0,0,0,2013-01-00,0,0,0,2013AJ....145....5P
726,0,Astronomy and Astrophysics,0,0,0,2013-10-00,0,0,0,1304.2140
727,0,Astronomy and Astrophysics,0,0,0,2013-04-00,0,0,0,2013A%26A...552A.120S
728,0,The Astrophysical Journal Supplement Series,0,0,0,2013-10-00,0,0,0,2013ApJS..208...22X
729,0,The Astrophysical Journal Supplement Series,0,0,0,2013-02-00,0,0,0,2013ApJS..204...24B
730,0,The Astrophysical Journal Supplement Series,0,0,0,2013-10-00,0,0,0,2013ApJS..208...22X
731,0,The Astrophysical Journal,0,0,0,2013-01-00,0,0,0,2013ApJ...763...67S
732,0,Astronomy and Astrophysics,0,0,0,2013-01-00,0,0,0,2013A%26A...549A...2L
733,0,Publications of the Astronomical Society of Japan,0,0,0,2013-08-00,0,0,0,2013arXiv1304.4328S
734,0,Astronomy and Astrophysics,0,0,0,2013-08-00,0,0,0,2013A%26A...556A.110B
735,0,Astronomy and Astrophysics,0,0,0,2014-03-00,0,0,0,2013arXiv1311.5271M
736,0,Publications of the Astronomical Society of Japan,0,0,0,2013-08-00,0,0,0,1304.4328
737,0,Astronomy and Astrophysics,0,0,0,2013-05-00,0,0,0,2013A%26A...553A...8D
738,0,Astronomy and Astrophysics,0,0,0,2013-01-00,0,0,0,2013A%26A...549A...2L
739,0,The Astrophysical Journal,0,0,0,2013-09-00,0,0,0,1307.2886
740,0,Astronomy and Astrophysics,0,0,0,2014-01-00,0,0,0,2013arXiv1310.2064O
741,0,Astronomy and Astrophysics,0,0,0,2013-03-00,0,0,0,2013A%26A...551A..73F
742,0,The Astrophysical Journal Supplement Series,0,0,0,2013-02-00,0,0,0,2013ApJS..204...24B
743,0,The Astrophysical Journal,0,0,0,2014-01-00,0,0,0,2013arXiv1310.6248C
744,0,The Astrophysical Journal Supplement Series,0,0,0,2013-02-00,0,0,0,2013ApJS..204...24B
745,0,The Astrophysical Journal,0,0,0,2013-03-00,0,0,0,2013ApJ...766...40G
746,0,Science,0,0,0,2013-05-00,0,0,0,2013Sci...340..587B
747,0,Astronomy and Astrophysics,0,0,0,2013-01-00,0,0,0,2013A%26A...549A.134H
748,0,Astronomy and Astrophysics,0,0,0,2013-01-00,0,0,0,2013A%26A...549A.134H
749,0,The Astrophysical Journal,0,0,0,2013-09-00,0,0,0,2013ApJ...774...54S
750,0,Astronomy and Astrophysics,0,0,0,2014-03-00,0,0,0,2013arXiv1311.5271M
751,0,Astronomy and Astrophysics,0,0,0,2014-01-00,0,0,0,2013arXiv1310.2064O
752,0,Astronomy and Astrophysics,0,0,0,2013-01-00,0,0,0,2013A%26A...549A.134H
753,0,Astronomy and Astrophysics,0,0,0,2013-08-00,0,0,0,2013A%26A...556A.110B
754,0,The Astrophysical Journal,0,0,0,2013-01-00,0,0,0,2013ApJ...762....9S
755,0,The Astrophysical Journal,0,0,0,2013-09-00,1,0,0,2013arXiv1307.7640R
756,0,The Astrophysical Journal,0,0,0,2014-01-00,0,0,0,2013arXiv1310.6248C
757,0,The Astrophysical Journal,0,0,0,2013-01-00,0,0,0,2013ApJ...762....9S
758,0,The Astrophysical Journal Supplement Series,0,0,0,2013-02-00,0,0,0,2013ApJS..204...24B
759,0,The Astrophysical Journal,0,0,0,2014-01-00,0,0,0,2013arXiv1310.6248C
760,0,Astronomy and Astrophysics,0,0,0,2013-03-00,0,0,0,2013A%26A...551A..80T
761,0,ArXiv e-prints,0,0,0,2013-01-00,0,0,0,1301.2741
762,0,The Astrophysical Journal Supplement Series,0,0,0,2013-02-00,0,0,0,2013ApJS..204...24B
763,0,The Astrophysical Journal,0,0,0,2013-04-00,0,0,0,2013ApJ...766...67J
764,0,The Astrophysical Journal,0,0,0,2013-08-00,0,0,0,2013ApJ...773...64P
765,0,The Astrophysical Journal Supplement Series,0,0,0,2013-02-00,0,0,0,2013ApJS..204...24B
766,0,Astronomy and Astrophysics,0,0,0,2013-04-00,0,0,0,2013A%26A...552A..82G
767,0,Astronomy and Astrophysics,0,0,0,2013-01-00,0,0,0,2013A%26A...549A.134H
768,0,Astronomy and Astrophysics,0,0,0,2013-07-00,0,0,0,2013A%26A...555A..87M
769,0,Astronomy and Astrophysics,0,0,0,2013-07-00,0,0,0,2013A%26A...555A.118A
